Handle,Title,Body (HTML),Vendor,Standard Product Type,Custom Product Type,Tags,Published,Option1 Name,Option1 Value,Option2 Name,Option2 Value,Option3 Name,Option3 Value,Variant SKU,Variant Grams,Variant Inventory Tracker,Variant Inventory Qty,Variant Inventory Policy,Variant Fulfillment Service,Variant Price,Variant Compare At Price,Variant Requires Shipping,Variant Taxable,Variant Barcode,Image Src,Image Position,Image Alt Text,Gift Card,SEO Title,SEO Description,Google Shopping / Google Product Category,Google Shopping / Gender,Google Shopping / Age Group,Google Shopping / MPN,Google Shopping / AdWords Grouping,Google Shopping / AdWords Labels,Google Shopping / Condition,Google Shopping / Custom Product,Google Shopping / Custom Label 0,Google Shopping / Custom Label 1,Google Shopping / Custom Label 2,Google Shopping / Custom Label 3,Google Shopping / Custom Label 4,Variant Image,Variant Weight Unit,Variant Tax Code,Cost per item,Status
satin-leopard-print-lounge-shorts,Satin Leopard Print Lounge Shorts,"<section class=""d_wrapper"" data-mce-fragment=""1"">
<div class=""d_content"" data-mce-fragment=""1"">A cable knit pair of lounge shorts featuring a drawstring waistband, ribbed trim, and a high rise. <br>
</div>
<div class=""d_content"" data-mce-fragment=""1""></div>
</section>
<section class=""d_wrapper"" data-mce-fragment=""1"">
<h3 data-mce-fragment=""1"">Content + Care</h3>
<div class=""d_content"" data-mce-fragment=""1"">
<p data-mce-fragment=""1"">- 48% cotton, 42% acrylic, 9% polyester, 1% spandex</p>
<p data-mce-fragment=""1"">- Hand wash cold</p>
</div>
</section>
<section class=""d_wrapper"" data-mce-fragment=""1"">
<h3 data-mce-fragment=""1"">Size + Fit</h3>
<div class=""d_content"" data-mce-fragment=""1"">
<p data-mce-fragment=""1"">- Model is 5'8.5"" and wearing a Small</p>
</div>
</section>",Tishfy2 Demo,,,loungewear,true,Size,S,,,,,,0.0,shopify,1000,deny,manual,14.99,,true,true,,https://cdn.shopify.com/s/files/1/0601/7361/5304/products/1_9350d17b-f4a0-4e36-8173-4e774266eea3.jpg?v=1638911074,1,,false,,,,,,,,,,,,,,,,,kg,,,active
satin-leopard-print-lounge-shorts,,,,,,,,,M,,,,,,0.0,shopify,1000,deny,manual,14.99,,true,true,,https://cdn.shopify.com/s/files/1/0601/7361/5304/products/4_019d32b6-e9f5-4f44-9b01-222bf0dae945.jpg?v=1638911074,2,,,,,,,,,,,,,,,,,,,kg,,,
satin-leopard-print-lounge-shorts,,,,,,,,,L,,,,,,0.0,shopify,1000,deny,manual,14.99,,true,true,,https://cdn.shopify.com/s/files/1/0601/7361/5304/products/3_6910e03d-4485-494b-853d-90fb281d7958.jpg?v=1638911074,3,,,,,,,,,,,,,,,,,,,kg,,,
satin-leopard-print-lounge-shorts,,,,,,,,,XL,,,,,,0.0,shopify,0,deny,manual,14.99,,true,true,,https://cdn.shopify.com/s/files/1/0601/7361/5304/products/2_4945cdca-8a26-41b6-af25-b4ee3ba4df59.jpg?v=1638911074,4,,,,,,,,,,,,,,,,,,,kg,,,
plush-lounge-shorts,Plush Lounge Shorts,"<section class=""d_wrapper"" data-mce-fragment=""1"">
<div class=""d_content"" data-mce-fragment=""1"">A cable knit pair of lounge shorts featuring a drawstring waistband, ribbed trim, and a high rise. <br>
</div>
<div class=""d_content"" data-mce-fragment=""1""></div>
</section>
<section class=""d_wrapper"" data-mce-fragment=""1"">
<h3 data-mce-fragment=""1"">Content + Care</h3>
<div class=""d_content"" data-mce-fragment=""1"">
<p data-mce-fragment=""1"">- 48% cotton, 42% acrylic, 9% polyester, 1% spandex</p>
<p data-mce-fragment=""1"">- Hand wash cold</p>
</div>
</section>
<section class=""d_wrapper"" data-mce-fragment=""1"">
<h3 data-mce-fragment=""1"">Size + Fit</h3>
<div class=""d_content"" data-mce-fragment=""1"">
<p data-mce-fragment=""1"">- Model is 5'8.5"" and wearing a Small</p>
</div>
</section>",Tishfy2 Demo,,,loungewear,true,Size,S,,,,,,0.0,shopify,1000,deny,manual,11.99,,true,true,,https://cdn.shopify.com/s/files/1/0601/7361/5304/products/1_fff0905d-2bec-4ef4-a06d-cda6b6338899.jpg?v=1638910876,1,,false,,,,,,,,,,,,,,,,,kg,,,active
plush-lounge-shorts,,,,,,,,,M,,,,,,0.0,shopify,1000,deny,manual,11.99,,true,true,,https://cdn.shopify.com/s/files/1/0601/7361/5304/products/4_32d5ce0a-8d65-4e5c-a6e4-febf257c093b.jpg?v=1638910876,2,,,,,,,,,,,,,,,,,,,kg,,,
plush-lounge-shorts,,,,,,,,,L,,,,,,0.0,shopify,1000,deny,manual,11.99,,true,true,,https://cdn.shopify.com/s/files/1/0601/7361/5304/products/3_e60c0c90-b6a5-476c-9a33-d14ff6c883d5.jpg?v=1638910876,3,,,,,,,,,,,,,,,,,,,kg,,,
plush-lounge-shorts,,,,,,,,,XL,,,,,,0.0,shopify,1000,deny,manual,11.99,,true,true,,https://cdn.shopify.com/s/files/1/0601/7361/5304/products/2_c8960f26-0647-4bbb-89bf-6459c8cac139.jpg?v=1638910876,4,,,,,,,,,,,,,,,,,,,kg,,,
longline-open-front-cardigan-sweater,Longline Open-Front Cardigan Sweater,"<section class=""d_wrapper"" data-mce-fragment=""1"">
<div class=""d_content"" data-mce-fragment=""1"">A cable knit pair of lounge shorts featuring a drawstring waistband, ribbed trim, and a high rise. <br>
</div>
<div class=""d_content"" data-mce-fragment=""1""></div>
</section>
<section class=""d_wrapper"" data-mce-fragment=""1"">
<h3 data-mce-fragment=""1"">Content + Care</h3>
<div class=""d_content"" data-mce-fragment=""1"">
<p data-mce-fragment=""1"">- 48% cotton, 42% acrylic, 9% polyester, 1% spandex</p>
<p data-mce-fragment=""1"">- Hand wash cold</p>
</div>
</section>
<section class=""d_wrapper"" data-mce-fragment=""1"">
<h3 data-mce-fragment=""1"">Size + Fit</h3>
<div class=""d_content"" data-mce-fragment=""1"">
<p data-mce-fragment=""1"">- Model is 5'8.5"" and wearing a Small</p>
</div>
</section>",Tishfy2 Demo,,,loungewear,true,Size,S,,,,,,0.0,shopify,1000,deny,manual,12.99,,true,true,,https://cdn.shopify.com/s/files/1/0601/7361/5304/products/1_4fc31b3f-fc4a-4d5a-b945-7b8e7cfa4a75.jpg?v=1638910728,1,,false,,,,,,,,,,,,,,,,,kg,,,active
longline-open-front-cardigan-sweater,,,,,,,,,M,,,,,,0.0,shopify,1000,deny,manual,12.99,,true,true,,https://cdn.shopify.com/s/files/1/0601/7361/5304/products/4_e88bdb5c-4f8b-42cc-9bc8-6ba62ee6a426.jpg?v=1638910728,2,,,,,,,,,,,,,,,,,,,kg,,,
longline-open-front-cardigan-sweater,,,,,,,,,L,,,,,,0.0,shopify,1000,deny,manual,12.99,,true,true,,https://cdn.shopify.com/s/files/1/0601/7361/5304/products/3_4aba21c9-2d6a-4af0-b9ee-b4a3f06ec29a.jpg?v=1638910728,3,,,,,,,,,,,,,,,,,,,kg,,,
longline-open-front-cardigan-sweater,,,,,,,,,XL,,,,,,0.0,shopify,1000,deny,manual,12.99,,true,true,,https://cdn.shopify.com/s/files/1/0601/7361/5304/products/2_88201382-07df-4d43-9c49-b6b722ed110d.jpg?v=1638910728,4,,,,,,,,,,,,,,,,,,,kg,,,
lettuce-edge-zip-up-lounge-hoodie,Lettuce-Edge Zip-Up Lounge Hoodie,"<section class=""d_wrapper"" data-mce-fragment=""1"">
<div class=""d_content"" data-mce-fragment=""1"">A cable knit pair of lounge shorts featuring a drawstring waistband, ribbed trim, and a high rise.</div>
<div class=""d_content"" data-mce-fragment=""1""></div>
</section>
<section class=""d_wrapper"" data-mce-fragment=""1"">
<h3 data-mce-fragment=""1"">Content + Care</h3>
<div class=""d_content"" data-mce-fragment=""1"">
<p data-mce-fragment=""1"">- 48% cotton, 42% acrylic, 9% polyester, 1% spandex</p>
<p data-mce-fragment=""1"">- Hand wash cold</p>
</div>
</section>
<section class=""d_wrapper"" data-mce-fragment=""1"">
<h3 data-mce-fragment=""1"">Size + Fit</h3>
<div class=""d_content"" data-mce-fragment=""1"">
<p data-mce-fragment=""1"">- Model is 5'8.5"" and wearing a Small</p>
</div>
</section>",Tishfy2 Demo,,,loungewear,true,Size,S,,,,,,0.0,shopify,1000,deny,manual,11.99,,true,true,,https://cdn.shopify.com/s/files/1/0601/7361/5304/products/4_68b0ed79-99be-401d-982e-99a1ba2c3ec0.jpg?v=1638910593,1,,false,,,,,,,,,,,,,,,,,kg,,,active
lettuce-edge-zip-up-lounge-hoodie,,,,,,,,,M,,,,,,0.0,shopify,1000,deny,manual,11.99,,true,true,,https://cdn.shopify.com/s/files/1/0601/7361/5304/products/3_7216aeff-e31a-4dd5-a53f-b23abefd8c49.jpg?v=1638910593,2,,,,,,,,,,,,,,,,,,,kg,,,
lettuce-edge-zip-up-lounge-hoodie,,,,,,,,,L,,,,,,0.0,shopify,1000,deny,manual,11.99,,true,true,,https://cdn.shopify.com/s/files/1/0601/7361/5304/products/2_42708f35-a6c9-4890-ba0d-024e416208ac.jpg?v=1638910593,3,,,,,,,,,,,,,,,,,,,kg,,,
lettuce-edge-zip-up-lounge-hoodie,,,,,,,,,XL,,,,,,0.0,shopify,1000,deny,manual,11.99,,true,true,,https://cdn.shopify.com/s/files/1/0601/7361/5304/products/1_e6f7cfe9-e58d-435a-bf5c-4060c015ae02.jpg?v=1638910593,4,,,,,,,,,,,,,,,,,,,kg,,,
copy-of-cable-knit-lounge-shorts,Cable Knit Lounge Crop Top,"<section class=""d_wrapper"" data-mce-fragment=""1"">
<div class=""d_content"" data-mce-fragment=""1"">A cable knit pair of lounge shorts featuring a drawstring waistband, ribbed trim, and a high rise. <br>
</div>
<div class=""d_content"" data-mce-fragment=""1""></div>
</section>
<section class=""d_wrapper"" data-mce-fragment=""1"">
<h3 data-mce-fragment=""1"">Content + Care</h3>
<div class=""d_content"" data-mce-fragment=""1"">
<p data-mce-fragment=""1"">- 48% cotton, 42% acrylic, 9% polyester, 1% spandex</p>
<p data-mce-fragment=""1"">- Hand wash cold</p>
</div>
</section>
<section class=""d_wrapper"" data-mce-fragment=""1"">
<h3 data-mce-fragment=""1"">Size + Fit</h3>
<div class=""d_content"" data-mce-fragment=""1"">
<p data-mce-fragment=""1"">- Model is 5'8.5"" and wearing a Small</p>
</div>
</section>",Tishfy2 Demo,,,loungewear,true,Size,S,,,,,,0.0,shopify,1000,deny,manual,12.99,,true,true,,https://cdn.shopify.com/s/files/1/0601/7361/5304/products/1_b18f0dc8-8a63-4e1b-a607-2dd485f91bbc.jpg?v=1638910931,1,,false,,,,,,,,,,,,,,,,,kg,,,active
copy-of-cable-knit-lounge-shorts,,,,,,,,,M,,,,,,0.0,shopify,1000,deny,manual,12.99,,true,true,,https://cdn.shopify.com/s/files/1/0601/7361/5304/products/4_41872d37-5764-4fa0-b9fb-1b4669eee38e.jpg?v=1638910931,2,,,,,,,,,,,,,,,,,,,kg,,,
copy-of-cable-knit-lounge-shorts,,,,,,,,,L,,,,,,0.0,shopify,1000,deny,manual,12.99,,true,true,,https://cdn.shopify.com/s/files/1/0601/7361/5304/products/3_6c5892da-3fbf-4dcf-9f40-386c5c4f1ec9.jpg?v=1638910931,3,,,,,,,,,,,,,,,,,,,kg,,,
copy-of-cable-knit-lounge-shorts,,,,,,,,,XL,,,,,,0.0,shopify,1000,deny,manual,12.99,,true,true,,https://cdn.shopify.com/s/files/1/0601/7361/5304/products/2_4c5b6c70-7e01-455e-850f-d904842b83fe.jpg?v=1638910931,4,,,,,,,,,,,,,,,,,,,kg,,,
cable-knit-lounge-shorts,Cable Knit Lounge Shorts,"<section class=""d_wrapper"" data-mce-fragment=""1"">
<div class=""d_content"" data-mce-fragment=""1"">A cable knit pair of lounge shorts featuring a drawstring waistband, ribbed trim, and a high rise.</div>
<div class=""d_content"" data-mce-fragment=""1""></div>
</section>
<section class=""d_wrapper"" data-mce-fragment=""1"">
<h3 data-mce-fragment=""1"">Content + Care</h3>
<div class=""d_content"" data-mce-fragment=""1"">
<p data-mce-fragment=""1"">- 48% cotton, 42% acrylic, 9% polyester, 1% spandex</p>
<p data-mce-fragment=""1"">- Hand wash cold</p>
</div>
</section>
<section class=""d_wrapper"" data-mce-fragment=""1"">
<h3 data-mce-fragment=""1"">Size + Fit</h3>
<div class=""d_content"" data-mce-fragment=""1"">
<p data-mce-fragment=""1"">- Model is 5'8.5"" and wearing a Small</p>
</div>
</section>",Tishfy2 Demo,,,loungewear,true,Size,S,,,,,"",0.0,shopify,1000,deny,manual,16.99,,true,true,"",https://cdn.shopify.com/s/files/1/0601/7361/5304/products/1_25220a4d-2683-44cd-8891-724baa54464a.jpg?v=1638910117,1,,false,,,,,,,,,,,,,,,,,kg,,,active
cable-knit-lounge-shorts,,,,,,,,,M,,,,,"",0.0,shopify,1000,deny,manual,16.99,,true,true,"",https://cdn.shopify.com/s/files/1/0601/7361/5304/products/4_54c3159c-90e7-457c-a3da-afbd1b9ff45f.jpg?v=1638910117,2,,,,,,,,,,,,,,,,,,,kg,,,
cable-knit-lounge-shorts,,,,,,,,,L,,,,,"",0.0,shopify,1000,deny,manual,16.99,,true,true,"",https://cdn.shopify.com/s/files/1/0601/7361/5304/products/3_7ae67ce1-d59a-4379-8d6b-514bb67dac56.jpg?v=1638910117,3,,,,,,,,,,,,,,,,,,,kg,,,
cable-knit-lounge-shorts,,,,,,,,,XL,,,,,"",0.0,shopify,1000,deny,manual,16.99,,true,true,"",https://cdn.shopify.com/s/files/1/0601/7361/5304/products/2_42054f60-f47d-4884-8622-498c30a7e2dc.jpg?v=1638910117,4,,,,,,,,,,,,,,,,,,,kg,,,
drawstring-zip-up-hoodie,Drawstring Zip-Up Hoodie,"<section class=""d_wrapper"" data-mce-fragment=""1"">
<div class=""d_content"" data-mce-fragment=""1"">A French terry pullover featuring front ""Fleece Navidad"" text, sheep graphic with Christmas light accents, dropped long sleeves, ribbed trim, and a crew neck.</div>
<div class=""d_content"" data-mce-fragment=""1""></div>
</section>
<section class=""d_wrapper"" data-mce-fragment=""1"">
<h3 data-mce-fragment=""1"">Content + Care</h3>
<div class=""d_content"" data-mce-fragment=""1"">
<p data-mce-fragment=""1"">- 60% cotton, 40% polyester</p>
<p data-mce-fragment=""1"">- Machine wash cold</p>
</div>
</section>
<section class=""d_wrapper"" data-mce-fragment=""1"">
<h3 data-mce-fragment=""1"">Size + Fit</h3>
<div class=""d_content"" data-mce-fragment=""1"">
<p data-mce-fragment=""1"">- Model is 5'8"" and wearing a Small</p>
</div>
</section>",Tishfy2 Demo,,,hoodie,true,Size,S,,,,,,0.0,shopify,10000,deny,manual,12.99,,true,true,,https://cdn.shopify.com/s/files/1/0601/7361/5304/products/4_b48007e6-6024-4c7e-b9bf-04a1b28d139b.jpg?v=1638909613,1,,false,,,,,,,,,,,,,,,,,kg,,,active
drawstring-zip-up-hoodie,,,,,,,,,M,,,,,,0.0,shopify,1000,deny,manual,12.99,,true,true,,https://cdn.shopify.com/s/files/1/0601/7361/5304/products/3_c074548a-2ec7-422c-9b3f-d6dc9859a8e4.jpg?v=1638909613,2,,,,,,,,,,,,,,,,,,,kg,,,
drawstring-zip-up-hoodie,,,,,,,,,L,,,,,,0.0,shopify,1000,deny,manual,12.99,,true,true,,https://cdn.shopify.com/s/files/1/0601/7361/5304/products/2_7a65d805-803b-4525-b505-6843aee40a7a.jpg?v=1638909613,3,,,,,,,,,,,,,,,,,,,kg,,,
drawstring-zip-up-hoodie,,,,,,,,,XL,,,,,,0.0,shopify,1000,deny,manual,12.99,,true,true,,https://cdn.shopify.com/s/files/1/0601/7361/5304/products/1_32aa2e15-00dd-48b5-a0e5-6d123493079b.jpg?v=1638909613,4,,,,,,,,,,,,,,,,,,,kg,,,
basic-fleece-zip-up-hoodie,Basic Fleece Zip-Up Hoodie,"<section class=""d_wrapper"" data-mce-fragment=""1"">
<div class=""d_content"" data-mce-fragment=""1"">A French terry pullover featuring front ""Fleece Navidad"" text, sheep graphic with Christmas light accents, dropped long sleeves, ribbed trim, and a crew neck.</div>
<div class=""d_content"" data-mce-fragment=""1""></div>
</section>
<section class=""d_wrapper"" data-mce-fragment=""1"">
<h3 data-mce-fragment=""1"">Content + Care</h3>
<div class=""d_content"" data-mce-fragment=""1"">
<p data-mce-fragment=""1"">- 60% cotton, 40% polyester</p>
<p data-mce-fragment=""1"">- Machine wash cold</p>
</div>
</section>
<section class=""d_wrapper"" data-mce-fragment=""1"">
<h3 data-mce-fragment=""1"">Size + Fit</h3>
<div class=""d_content"" data-mce-fragment=""1"">
<p data-mce-fragment=""1"">- Model is 5'8"" and wearing a Small</p>
</div>
</section>",Tishfy2 Demo,,,hoodie,true,Size,S,,,,,,0.0,shopify,10000,deny,manual,11.99,,true,true,,https://cdn.shopify.com/s/files/1/0601/7361/5304/products/4_538c1fb0-54d5-4afa-8638-15bd18e33d1f.jpg?v=1638909402,1,,false,,,,,,,,,,,,,,,,,kg,,,active
basic-fleece-zip-up-hoodie,,,,,,,,,M,,,,,,0.0,shopify,1000,deny,manual,11.99,,true,true,,https://cdn.shopify.com/s/files/1/0601/7361/5304/products/3_87c2998c-a173-4446-bd76-621e182f6692.jpg?v=1638909402,2,,,,,,,,,,,,,,,,,,,kg,,,
basic-fleece-zip-up-hoodie,,,,,,,,,L,,,,,,0.0,shopify,1000,deny,manual,11.99,,true,true,,https://cdn.shopify.com/s/files/1/0601/7361/5304/products/2_08a5bf42-f021-4be0-ba15-866acc19d140.jpg?v=1638909402,3,,,,,,,,,,,,,,,,,,,kg,,,
basic-fleece-zip-up-hoodie,,,,,,,,,XL,,,,,,0.0,shopify,1000,deny,manual,11.99,,true,true,,https://cdn.shopify.com/s/files/1/0601/7361/5304/products/1_6bf7a287-e487-4864-8fd7-cd84b9aecf54.jpg?v=1638909402,4,,,,,,,,,,,,,,,,,,,kg,,,
cashmere-sweater-knit-hoodie-1,Cashmere Sweater-Knit Hoodie,"<section class=""d_wrapper"" data-mce-fragment=""1"">
<div class=""d_content"" data-mce-fragment=""1"">A French terry pullover featuring front ""Fleece Navidad"" text, sheep graphic with Christmas light accents, dropped long sleeves, ribbed trim, and a crew neck.</div>
<div class=""d_content"" data-mce-fragment=""1""></div>
</section>
<section class=""d_wrapper"" data-mce-fragment=""1"">
<h3 data-mce-fragment=""1"">Content + Care</h3>
<div class=""d_content"" data-mce-fragment=""1"">
<p data-mce-fragment=""1"">- 60% cotton, 40% polyester</p>
<p data-mce-fragment=""1"">- Machine wash cold</p>
</div>
</section>
<section class=""d_wrapper"" data-mce-fragment=""1"">
<h3 data-mce-fragment=""1"">Size + Fit</h3>
<div class=""d_content"" data-mce-fragment=""1"">
<p data-mce-fragment=""1"">- Model is 5'8"" and wearing a Small</p>
</div>
</section>",Tishfy2 Demo,,,hoodie,true,Size,S,,,,,,0.0,shopify,10000,deny,manual,17.99,,true,true,,https://cdn.shopify.com/s/files/1/0601/7361/5304/products/4_54ee109a-eec7-417b-92fb-2172368abd08.jpg?v=1638909286,1,,false,,,,,,,,,,,,,,,,,kg,,,active
cashmere-sweater-knit-hoodie-1,,,,,,,,,M,,,,,,0.0,shopify,1000,deny,manual,17.99,,true,true,,https://cdn.shopify.com/s/files/1/0601/7361/5304/products/3_8355c7ec-88f4-4794-9645-81a2d9be93a1.jpg?v=1638909286,2,,,,,,,,,,,,,,,,,,,kg,,,
cashmere-sweater-knit-hoodie-1,,,,,,,,,L,,,,,,0.0,shopify,1000,deny,manual,17.99,,true,true,,https://cdn.shopify.com/s/files/1/0601/7361/5304/products/2_17da39a5-08d7-4a8c-9c19-8c0e31d8c841.jpg?v=1638909287,3,,,,,,,,,,,,,,,,,,,kg,,,
cashmere-sweater-knit-hoodie-1,,,,,,,,,XL,,,,,,0.0,shopify,1000,deny,manual,17.99,,true,true,,https://cdn.shopify.com/s/files/1/0601/7361/5304/products/1_fa58bc40-6a28-4f28-b0ef-474c5a58bc5f.jpg?v=1638909287,4,,,,,,,,,,,,,,,,,,,kg,,,
embroidered-boulder-pullover-1,Embroidered Boulder Pullover,"<section class=""d_wrapper"" data-mce-fragment=""1"">
<div class=""d_content"" data-mce-fragment=""1"">A French terry pullover featuring front ""Fleece Navidad"" text, sheep graphic with Christmas light accents, dropped long sleeves, ribbed trim, and a crew neck.</div>
<div class=""d_content"" data-mce-fragment=""1""></div>
</section>
<section class=""d_wrapper"" data-mce-fragment=""1"">
<h3 data-mce-fragment=""1"">Content + Care</h3>
<div class=""d_content"" data-mce-fragment=""1"">
<p data-mce-fragment=""1"">- 60% cotton, 40% polyester</p>
<p data-mce-fragment=""1"">- Machine wash cold</p>
</div>
</section>
<section class=""d_wrapper"" data-mce-fragment=""1"">
<h3 data-mce-fragment=""1"">Size + Fit</h3>
<div class=""d_content"" data-mce-fragment=""1"">
<p data-mce-fragment=""1"">- Model is 5'8"" and wearing a Small</p>
</div>
</section>",Tishfy2 Demo,,,hoodie,true,Size,S,,,,,,0.0,shopify,10000,deny,manual,16.99,,true,true,,https://cdn.shopify.com/s/files/1/0601/7361/5304/products/4_d4fbb090-90df-42c2-a601-d2b26aeaea6f.jpg?v=1638909099,1,,false,,,,,,,,,,,,,,,,,kg,,,active
embroidered-boulder-pullover-1,,,,,,,,,M,,,,,,0.0,shopify,1000,deny,manual,16.99,,true,true,,https://cdn.shopify.com/s/files/1/0601/7361/5304/products/3_115f85d2-3f76-4000-8c8a-f802f346ed56.jpg?v=1638909099,2,,,,,,,,,,,,,,,,,,,kg,,,
embroidered-boulder-pullover-1,,,,,,,,,L,,,,,,0.0,shopify,1000,deny,manual,16.99,,true,true,,https://cdn.shopify.com/s/files/1/0601/7361/5304/products/2_67ce1445-6b79-4feb-b4e3-4f91cc805583.jpg?v=1638909099,3,,,,,,,,,,,,,,,,,,,kg,,,
embroidered-boulder-pullover-1,,,,,,,,,XL,,,,,,0.0,shopify,1000,deny,manual,16.99,,true,true,,https://cdn.shopify.com/s/files/1/0601/7361/5304/products/1_2473541f-c47b-48c4-89e5-ce905cf565ab.jpg?v=1638909099,4,,,,,,,,,,,,,,,,,,,kg,,,
cashmere-sweater-knit-hoodie,Cashmere Sweater-Knit Hoodie,"<section class=""d_wrapper"" data-mce-fragment=""1"">
<div class=""d_content"" data-mce-fragment=""1"">A French terry pullover featuring front ""Fleece Navidad"" text, sheep graphic with Christmas light accents, dropped long sleeves, ribbed trim, and a crew neck.</div>
<div class=""d_content"" data-mce-fragment=""1""></div>
</section>
<section class=""d_wrapper"" data-mce-fragment=""1"">
<h3 data-mce-fragment=""1"">Content + Care</h3>
<div class=""d_content"" data-mce-fragment=""1"">
<p data-mce-fragment=""1"">- 60% cotton, 40% polyester</p>
<p data-mce-fragment=""1"">- Machine wash cold</p>
</div>
</section>
<section class=""d_wrapper"" data-mce-fragment=""1"">
<h3 data-mce-fragment=""1"">Size + Fit</h3>
<div class=""d_content"" data-mce-fragment=""1"">
<p data-mce-fragment=""1"">- Model is 5'8"" and wearing a Small</p>
</div>
</section>",Tishfy2 Demo,,,hoodie,false,Size,S,,,,,,0.0,shopify,10000,deny,manual,16.99,,true,true,,https://cdn.shopify.com/s/files/1/0601/7361/5304/products/4_d9c2faaf-0afc-4499-aeac-169295f0c963.jpg?v=1638908955,1,,false,,,,,,,,,,,,,,,,,kg,,,draft
cashmere-sweater-knit-hoodie,,,,,,,,,M,,,,,,0.0,shopify,1000,deny,manual,16.99,,true,true,,https://cdn.shopify.com/s/files/1/0601/7361/5304/products/3_62697053-d1ec-454c-9651-75367248f83f.jpg?v=1638908955,2,,,,,,,,,,,,,,,,,,,kg,,,
cashmere-sweater-knit-hoodie,,,,,,,,,L,,,,,,0.0,shopify,1000,deny,manual,16.99,,true,true,,https://cdn.shopify.com/s/files/1/0601/7361/5304/products/2_ebcd69db-a5f5-40fe-a598-3dcce97c7703.jpg?v=1638908955,3,,,,,,,,,,,,,,,,,,,kg,,,
cashmere-sweater-knit-hoodie,,,,,,,,,XL,,,,,,0.0,shopify,1000,deny,manual,16.99,,true,true,,https://cdn.shopify.com/s/files/1/0601/7361/5304/products/1_80c6e328-78aa-4d54-82ff-dd48892338d4.jpg?v=1638908955,4,,,,,,,,,,,,,,,,,,,kg,,,
embroidered-hello-kitty-hoodie,Embroidered Hello Kitty Hoodie,"<section class=""d_wrapper"" data-mce-fragment=""1"">
<div class=""d_content"" data-mce-fragment=""1"">A French terry pullover featuring front ""Fleece Navidad"" text, sheep graphic with Christmas light accents, dropped long sleeves, ribbed trim, and a crew neck.</div>
<div class=""d_content"" data-mce-fragment=""1""></div>
</section>
<section class=""d_wrapper"" data-mce-fragment=""1"">
<h3 data-mce-fragment=""1"">Content + Care</h3>
<div class=""d_content"" data-mce-fragment=""1"">
<p data-mce-fragment=""1"">- 60% cotton, 40% polyester</p>
<p data-mce-fragment=""1"">- Machine wash cold</p>
</div>
</section>
<section class=""d_wrapper"" data-mce-fragment=""1"">
<h3 data-mce-fragment=""1"">Size + Fit</h3>
<div class=""d_content"" data-mce-fragment=""1"">
<p data-mce-fragment=""1"">- Model is 5'8"" and wearing a Small</p>
</div>
</section>",Tishfy2 Demo,,,hoodie,true,Size,S,,,,,,0.0,shopify,10000,deny,manual,36.99,,true,true,,https://cdn.shopify.com/s/files/1/0601/7361/5304/products/4_97965593-ed82-4c34-8507-133ff586bd62.jpg?v=1638908825,1,,false,,,,,,,,,,,,,,,,,kg,,,active
embroidered-hello-kitty-hoodie,,,,,,,,,M,,,,,,0.0,shopify,1000,deny,manual,36.99,,true,true,,https://cdn.shopify.com/s/files/1/0601/7361/5304/products/3_f45f8d71-ba49-4dcc-b9cb-57837170b3f3.jpg?v=1638908825,2,,,,,,,,,,,,,,,,,,,kg,,,
embroidered-hello-kitty-hoodie,,,,,,,,,L,,,,,,0.0,shopify,1000,deny,manual,36.99,,true,true,,https://cdn.shopify.com/s/files/1/0601/7361/5304/products/2_d9ae3f73-aa1a-4b8c-8978-9ce7e2c4ed3a.jpg?v=1638908825,3,,,,,,,,,,,,,,,,,,,kg,,,
embroidered-hello-kitty-hoodie,,,,,,,,,XL,,,,,,0.0,shopify,1000,deny,manual,36.99,,true,true,,https://cdn.shopify.com/s/files/1/0601/7361/5304/products/1_ca7727d2-23d9-4b5a-b966-806ab5f731b0.jpg?v=1638908825,4,,,,,,,,,,,,,,,,,,,kg,,,
fleece-navidad-sheep-pullover,Fleece Navidad Sheep Pullover,"<section class=""d_wrapper"" data-mce-fragment=""1"">
<div class=""d_content"" data-mce-fragment=""1"">A French terry pullover featuring front ""Fleece Navidad"" text, sheep graphic with Christmas light accents, dropped long sleeves, ribbed trim, and a crew neck.</div>
<div class=""d_content"" data-mce-fragment=""1""></div>
</section>
<section class=""d_wrapper"" data-mce-fragment=""1"">
<h3 data-mce-fragment=""1"">Content + Care</h3>
<div class=""d_content"" data-mce-fragment=""1"">
<p data-mce-fragment=""1"">- 60% cotton, 40% polyester</p>
<p data-mce-fragment=""1"">- Machine wash cold</p>
</div>
</section>
<section class=""d_wrapper"" data-mce-fragment=""1"">
<h3 data-mce-fragment=""1"">Size + Fit</h3>
<div class=""d_content"" data-mce-fragment=""1"">
<p data-mce-fragment=""1"">- Model is 5'8"" and wearing a Small</p>
</div>
</section>",Tishfy2 Demo,,,hoodie,true,Size,S,,,,,"",0.0,shopify,10000,deny,manual,16.99,,true,true,"",https://cdn.shopify.com/s/files/1/0601/7361/5304/products/4_0a3d9609-c005-4a7a-87f0-4722964a56ce.jpg?v=1638908536,1,,false,,,,,,,,,,,,,,,,,kg,,,active
fleece-navidad-sheep-pullover,,,,,,,,,M,,,,,"",0.0,shopify,1000,deny,manual,16.99,,true,true,"",https://cdn.shopify.com/s/files/1/0601/7361/5304/products/3_23c238b3-93c5-423b-ac5c-f322a76d7cc2.jpg?v=1638908536,2,,,,,,,,,,,,,,,,,,,kg,,,
fleece-navidad-sheep-pullover,,,,,,,,,L,,,,,"",0.0,shopify,1000,deny,manual,16.99,,true,true,"",https://cdn.shopify.com/s/files/1/0601/7361/5304/products/2_b0b6b931-e587-455b-98f4-dcbafada666d.jpg?v=1638908536,3,,,,,,,,,,,,,,,,,,,kg,,,
fleece-navidad-sheep-pullover,,,,,,,,,XL,,,,,"",0.0,shopify,1000,deny,manual,16.99,,true,true,"",https://cdn.shopify.com/s/files/1/0601/7361/5304/products/1_76e8433a-a46b-44eb-bf91-bc9d5971c407.jpg?v=1638908536,4,,,,,,,,,,,,,,,,,,,kg,,,
faux-fur-trim-puffer-jacket,Faux Fur-Trim Puffer Jacket,"<section class=""d_wrapper"" data-mce-fragment=""1"">
<div class=""d_content"" data-mce-fragment=""1"">A denim jacket featuring an allover acid wash, basic collar with faux shearling lining, quilted design on the front and back yoke, dropped long sleeves, front faux pearl embellishments, button closures on the chest flap pockets and front, and slanted front pockets.</div>
<div class=""d_content"" data-mce-fragment=""1""></div>
</section>
<section class=""d_wrapper"" data-mce-fragment=""1"">
<h3 data-mce-fragment=""1"">Content + Care</h3>
<div class=""d_content"" data-mce-fragment=""1"">
<p data-mce-fragment=""1"">- Shell 1: 100% cotton</p>
<p data-mce-fragment=""1"">- Shell 2, Lining, &amp; Other contents: 100% polyester</p>
</div>
</section>
<section class=""d_wrapper"" data-mce-fragment=""1"">
<h3 data-mce-fragment=""1"">Size + Fit</h3>
<div class=""d_content"" data-mce-fragment=""1"">
<p data-mce-fragment=""1"">- Model is 5'8"" and wearing a Small</p>
</div>
</section>",Tishfy2 Demo,,,jacket,true,Size,S,,,,,,0.0,shopify,1000,deny,manual,36.99,,true,true,,https://cdn.shopify.com/s/files/1/0601/7361/5304/products/4_95057a23-8d30-41de-acde-27f18965cf32.jpg?v=1638908221,1,,false,,,,,,,,,,,,,,,,,kg,,,active
faux-fur-trim-puffer-jacket,,,,,,,,,M,,,,,,0.0,shopify,1000,deny,manual,36.99,,true,true,,https://cdn.shopify.com/s/files/1/0601/7361/5304/products/3_8271ef69-b690-4e29-bc19-c5543dd93c72.jpg?v=1638908222,2,,,,,,,,,,,,,,,,,,,kg,,,
faux-fur-trim-puffer-jacket,,,,,,,,,L,,,,,,0.0,shopify,1000,deny,manual,36.99,,true,true,,https://cdn.shopify.com/s/files/1/0601/7361/5304/products/2_6e9c54f6-309a-4ce4-9280-de8fd999eeb9.jpg?v=1638908222,3,,,,,,,,,,,,,,,,,,,kg,,,
faux-fur-trim-puffer-jacket,,,,,,,,,XL,,,,,,0.0,shopify,1000,deny,manual,36.99,,true,true,,https://cdn.shopify.com/s/files/1/0601/7361/5304/products/1_7abd023e-e68f-4681-aa1a-84c622ba56de.jpg?v=1638908222,4,,,,,,,,,,,,,,,,,,,kg,,,
plaid-tweed-frayed-shacket,Plaid Tweed Frayed Shacket,"<section class=""d_wrapper"" data-mce-fragment=""1"">
<div class=""d_content"" data-mce-fragment=""1"">A denim jacket featuring an allover acid wash, basic collar with faux shearling lining, quilted design on the front and back yoke, dropped long sleeves, front faux pearl embellishments, button closures on the chest flap pockets and front, and slanted front pockets.</div>
<div class=""d_content"" data-mce-fragment=""1""></div>
</section>
<section class=""d_wrapper"" data-mce-fragment=""1"">
<h3 data-mce-fragment=""1"">Content + Care</h3>
<div class=""d_content"" data-mce-fragment=""1"">
<p data-mce-fragment=""1"">- Shell 1: 100% cotton</p>
<p data-mce-fragment=""1"">- Shell 2, Lining, &amp; Other contents: 100% polyester</p>
</div>
</section>
<section class=""d_wrapper"" data-mce-fragment=""1"">
<h3 data-mce-fragment=""1"">Size + Fit</h3>
<div class=""d_content"" data-mce-fragment=""1"">
<p data-mce-fragment=""1"">- Model is 5'8"" and wearing a Small</p>
</div>
</section>",Tishfy2 Demo,,,jacket,true,Size,S,,,,,,0.0,shopify,1000,deny,manual,26.99,,true,true,,https://cdn.shopify.com/s/files/1/0601/7361/5304/products/4_d8c36de8-ff4b-459e-83be-27e2837360ae.jpg?v=1638908096,1,,false,,,,,,,,,,,,,,,,,kg,,,active
plaid-tweed-frayed-shacket,,,,,,,,,M,,,,,,0.0,shopify,1000,deny,manual,26.99,,true,true,,https://cdn.shopify.com/s/files/1/0601/7361/5304/products/3_c4d7e8cf-52dc-448e-a869-cfa301b4b8d5.jpg?v=1638908096,2,,,,,,,,,,,,,,,,,,,kg,,,
plaid-tweed-frayed-shacket,,,,,,,,,L,,,,,,0.0,shopify,1000,deny,manual,26.99,,true,true,,https://cdn.shopify.com/s/files/1/0601/7361/5304/products/2_25984c98-2efd-40ca-ba04-a0f94046315f.jpg?v=1638908096,3,,,,,,,,,,,,,,,,,,,kg,,,
plaid-tweed-frayed-shacket,,,,,,,,,XL,,,,,,0.0,shopify,1000,deny,manual,26.99,,true,true,,https://cdn.shopify.com/s/files/1/0601/7361/5304/products/1_517cdd7d-e18e-4a96-a3ab-b9f06a96334a.jpg?v=1638908096,4,,,,,,,,,,,,,,,,,,,kg,,,
corduroy-dolphin-hem-shacket,Corduroy Dolphin-Hem Shacket,"<section class=""d_wrapper"" data-mce-fragment=""1"">
<div class=""d_content"" data-mce-fragment=""1"">A denim jacket featuring an allover acid wash, basic collar with faux shearling lining, quilted design on the front and back yoke, dropped long sleeves, front faux pearl embellishments, button closures on the chest flap pockets and front, and slanted front pockets.</div>
<div class=""d_content"" data-mce-fragment=""1""></div>
</section>
<section class=""d_wrapper"" data-mce-fragment=""1"">
<h3 data-mce-fragment=""1"">Content + Care</h3>
<div class=""d_content"" data-mce-fragment=""1"">
<p data-mce-fragment=""1"">- Shell 1: 100% cotton</p>
<p data-mce-fragment=""1"">- Shell 2, Lining, &amp; Other contents: 100% polyester</p>
</div>
</section>
<section class=""d_wrapper"" data-mce-fragment=""1"">
<h3 data-mce-fragment=""1"">Size + Fit</h3>
<div class=""d_content"" data-mce-fragment=""1"">
<p data-mce-fragment=""1"">- Model is 5'8"" and wearing a Small</p>
</div>
</section>",Tishfy2 Demo,,,jacket,true,Size,S,,,,,,0.0,shopify,1000,deny,manual,19.99,,true,true,,https://cdn.shopify.com/s/files/1/0601/7361/5304/products/4_f3af66cf-fc30-4d16-bf1c-9d9b3064f21b.jpg?v=1638907808,1,,false,,,,,,,,,,,,,,,,,kg,,,active
corduroy-dolphin-hem-shacket,,,,,,,,,M,,,,,,0.0,shopify,1000,deny,manual,19.99,,true,true,,https://cdn.shopify.com/s/files/1/0601/7361/5304/products/3_e0d6d004-1d00-4141-af42-cb5e871a63e5.jpg?v=1638907808,2,,,,,,,,,,,,,,,,,,,kg,,,
corduroy-dolphin-hem-shacket,,,,,,,,,L,,,,,,0.0,shopify,1000,deny,manual,19.99,,true,true,,https://cdn.shopify.com/s/files/1/0601/7361/5304/products/2_6c95df33-0d81-479c-a4dc-04619c38c2f5.jpg?v=1638907808,3,,,,,,,,,,,,,,,,,,,kg,,,
corduroy-dolphin-hem-shacket,,,,,,,,,XL,,,,,,0.0,shopify,1000,deny,manual,19.99,,true,true,,https://cdn.shopify.com/s/files/1/0601/7361/5304/products/1_ed88fdb6-83de-4b19-9c62-fbd608daa3ec.jpg?v=1638907808,4,,,,,,,,,,,,,,,,,,,kg,,,
faux-suede-open-front-vest,Faux Suede Open-Front Vest,"<section class=""d_wrapper"" data-mce-fragment=""1"">
<div class=""d_content"" data-mce-fragment=""1"">A denim jacket featuring an allover acid wash, basic collar with faux shearling lining, quilted design on the front and back yoke, dropped long sleeves, front faux pearl embellishments, button closures on the chest flap pockets and front, and slanted front pockets.</div>
<div class=""d_content"" data-mce-fragment=""1""></div>
</section>
<section class=""d_wrapper"" data-mce-fragment=""1"">
<h3 data-mce-fragment=""1"">Content + Care</h3>
<div class=""d_content"" data-mce-fragment=""1"">
<p data-mce-fragment=""1"">- Shell 1: 100% cotton</p>
<p data-mce-fragment=""1"">- Shell 2, Lining, &amp; Other contents: 100% polyester</p>
</div>
</section>
<section class=""d_wrapper"" data-mce-fragment=""1"">
<h3 data-mce-fragment=""1"">Size + Fit</h3>
<div class=""d_content"" data-mce-fragment=""1"">
<p data-mce-fragment=""1"">- Model is 5'8"" and wearing a Small</p>
</div>
</section>",Tishfy2 Demo,,,jacket,true,Size,S,,,,,,0.0,shopify,1000,deny,manual,19.99,,true,true,,https://cdn.shopify.com/s/files/1/0601/7361/5304/products/4_f906975b-f963-417b-9eee-d23ae8aec9b8.jpg?v=1638907600,1,,false,,,,,,,,,,,,,,,,,kg,,,active
faux-suede-open-front-vest,,,,,,,,,M,,,,,,0.0,shopify,1000,deny,manual,19.99,,true,true,,https://cdn.shopify.com/s/files/1/0601/7361/5304/products/3_a1d66833-cd01-4024-a635-dc5806824da8.jpg?v=1638907600,2,,,,,,,,,,,,,,,,,,,kg,,,
faux-suede-open-front-vest,,,,,,,,,L,,,,,,0.0,shopify,1000,deny,manual,19.99,,true,true,,https://cdn.shopify.com/s/files/1/0601/7361/5304/products/2_a96b5066-539c-4add-9fda-e04f828215bd.jpg?v=1638907600,3,,,,,,,,,,,,,,,,,,,kg,,,
faux-suede-open-front-vest,,,,,,,,,XL,,,,,,0.0,shopify,1000,deny,manual,19.99,,true,true,,https://cdn.shopify.com/s/files/1/0601/7361/5304/products/1_0ddbc385-fea4-4b69-b0cd-02d6c477ddaf.jpg?v=1638907600,4,,,,,,,,,,,,,,,,,,,kg,,,
hooded-plaid-poncho,Hooded Plaid Poncho,"<section class=""d_wrapper"" data-mce-fragment=""1"">
<div class=""d_content"" data-mce-fragment=""1"">A denim jacket featuring an allover acid wash, basic collar with faux shearling lining, quilted design on the front and back yoke, dropped long sleeves, front faux pearl embellishments, button closures on the chest flap pockets and front, and slanted front pockets.</div>
<div class=""d_content"" data-mce-fragment=""1""></div>
</section>
<section class=""d_wrapper"" data-mce-fragment=""1"">
<h3 data-mce-fragment=""1"">Content + Care</h3>
<div class=""d_content"" data-mce-fragment=""1"">
<p data-mce-fragment=""1"">- Shell 1: 100% cotton</p>
<p data-mce-fragment=""1"">- Shell 2, Lining, &amp; Other contents: 100% polyester</p>
</div>
</section>
<section class=""d_wrapper"" data-mce-fragment=""1"">
<h3 data-mce-fragment=""1"">Size + Fit</h3>
<div class=""d_content"" data-mce-fragment=""1"">
<p data-mce-fragment=""1"">- Model is 5'8"" and wearing a Small</p>
</div>
</section>",Tishfy2 Demo,,,jacket,true,Size,S,,,,,,0.0,shopify,1000,deny,manual,19.99,,true,true,,https://cdn.shopify.com/s/files/1/0601/7361/5304/products/4_9b344d3e-7648-4ce9-91c3-248b28efb29c.jpg?v=1638907464,1,,false,,,,,,,,,,,,,,,,,kg,,,active
hooded-plaid-poncho,,,,,,,,,M,,,,,,0.0,shopify,1000,deny,manual,19.99,,true,true,,https://cdn.shopify.com/s/files/1/0601/7361/5304/products/3_423397a7-4691-4621-ac2b-ee81a03e41c7.jpg?v=1638907464,2,,,,,,,,,,,,,,,,,,,kg,,,
hooded-plaid-poncho,,,,,,,,,L,,,,,,0.0,shopify,1000,deny,manual,19.99,,true,true,,https://cdn.shopify.com/s/files/1/0601/7361/5304/products/2_3e35a448-3f86-4454-ae1d-2e73fc79acc0.jpg?v=1638907464,3,,,,,,,,,,,,,,,,,,,kg,,,
hooded-plaid-poncho,,,,,,,,,XL,,,,,,0.0,shopify,1000,deny,manual,19.99,,true,true,,https://cdn.shopify.com/s/files/1/0601/7361/5304/products/1_cc76904c-eed0-470d-b158-f80dafc78b9c.jpg?v=1638907464,4,,,,,,,,,,,,,,,,,,,kg,,,
faux-pearl-acid-wash-denim-jacket,Faux Pearl Acid Wash Denim Jacket,"<section class=""d_wrapper"" data-mce-fragment=""1"">
<div class=""d_content"" data-mce-fragment=""1"">A denim jacket featuring an allover acid wash, basic collar with faux shearling lining, quilted design on the front and back yoke, dropped long sleeves, front faux pearl embellishments, button closures on the chest flap pockets and front, and slanted front pockets.</div>
<div class=""d_content"" data-mce-fragment=""1""></div>
</section>
<section class=""d_wrapper"" data-mce-fragment=""1"">
<h3 data-mce-fragment=""1"">Content + Care</h3>
<div class=""d_content"" data-mce-fragment=""1"">
<p data-mce-fragment=""1"">- Shell 1: 100% cotton</p>
<p data-mce-fragment=""1"">- Shell 2, Lining, &amp; Other contents: 100% polyester</p>
</div>
</section>
<section class=""d_wrapper"" data-mce-fragment=""1"">
<h3 data-mce-fragment=""1"">Size + Fit</h3>
<div class=""d_content"" data-mce-fragment=""1"">
<p data-mce-fragment=""1"">- Model is 5'8"" and wearing a Small</p>
</div>
</section>",Tishfy2 Demo,,,jacket,true,Size,S,,,,,"",0.0,shopify,1000,deny,manual,29.99,,true,true,"",https://cdn.shopify.com/s/files/1/0601/7361/5304/products/4_adb228cd-2c9a-4908-b69e-25a14c42f31e.jpg?v=1638907301,1,,false,,,,,,,,,,,,,,,,,kg,,,active
faux-pearl-acid-wash-denim-jacket,,,,,,,,,M,,,,,"",0.0,shopify,1000,deny,manual,29.99,,true,true,"",https://cdn.shopify.com/s/files/1/0601/7361/5304/products/3_83aa3f1a-a2ca-43d6-be07-79a316c81b72.jpg?v=1638907301,2,,,,,,,,,,,,,,,,,,,kg,,,
faux-pearl-acid-wash-denim-jacket,,,,,,,,,L,,,,,"",0.0,shopify,1000,deny,manual,29.99,,true,true,"",https://cdn.shopify.com/s/files/1/0601/7361/5304/products/2_a23a9805-549f-44fa-95f6-c522336c96ca.jpg?v=1638907301,3,,,,,,,,,,,,,,,,,,,kg,,,
faux-pearl-acid-wash-denim-jacket,,,,,,,,,XL,,,,,"",0.0,shopify,1000,deny,manual,29.99,,true,true,"",https://cdn.shopify.com/s/files/1/0601/7361/5304/products/1_2c109a06-3898-4c14-a23f-13fbb409a922.jpg?v=1638907302,4,,,,,,,,,,,,,,,,,,,kg,,,
ribbed-mock-neck-crop-top,Ribbed Mock Neck Crop Top,"<section class=""d_wrapper"" data-mce-fragment=""1"">
<div class=""d_content"" data-mce-fragment=""1"">A fleece pullover featuring front ""Aspen Colorado"" text, long sleeves, ribbed trim, and a mock neck.</div>
<div class=""d_content"" data-mce-fragment=""1""></div>
<div class=""d_content"" data-mce-fragment=""1""></div>
</section>
<section class=""d_wrapper"" data-mce-fragment=""1"">
<p data-mce-fragment=""1""><strong>Content + Care</strong></p>
<div class=""d_content"" data-mce-fragment=""1"">
<p data-mce-fragment=""1"">- 80% cotton, 20% polyester</p>
- Machine wash cold</div>
<div class=""d_content"" data-mce-fragment=""1""></div>
<div class=""d_content"" data-mce-fragment=""1""></div>
</section>
<section class=""d_wrapper"" data-mce-fragment=""1"">
<h3 data-mce-fragment=""1""><strong>Size + Fit</strong></h3>
<div class=""d_content"" data-mce-fragment=""1"">
<p data-mce-fragment=""1"">- Model is 5'9"" and wearing a Small</p>
</div>
</section>",Tishfy2 Demo,,,tops,true,Size,S,,,,,,0.0,shopify,1000,deny,manual,15.99,,true,true,,https://cdn.shopify.com/s/files/1/0601/7361/5304/products/4_d9629353-8e53-4e0f-b0ba-a1e23cb2a682.jpg?v=1638876697,1,,false,,,,,,,,,,,,,,,,,kg,,,active
ribbed-mock-neck-crop-top,,,,,,,,,M,,,,,,0.0,shopify,1000,deny,manual,15.99,,true,true,,https://cdn.shopify.com/s/files/1/0601/7361/5304/products/3_d9ad49a8-1c86-4239-8127-b0ebf9388439.jpg?v=1638876697,2,,,,,,,,,,,,,,,,,,,kg,,,
ribbed-mock-neck-crop-top,,,,,,,,,L,,,,,,0.0,shopify,1000,deny,manual,15.99,,true,true,,https://cdn.shopify.com/s/files/1/0601/7361/5304/products/2_f1efa10b-8f8a-40a5-88d0-3edc67fd5b37.jpg?v=1638876698,3,,,,,,,,,,,,,,,,,,,kg,,,
ribbed-mock-neck-crop-top,,,,,,,,,XL,,,,,,0.0,shopify,1000,deny,manual,15.99,,true,true,,https://cdn.shopify.com/s/files/1/0601/7361/5304/products/1_38d9da29-9c97-4da7-b7ad-15627f90b07f.jpg?v=1638876698,4,,,,,,,,,,,,,,,,,,,kg,,,
colorblock-michigan-pullover,Colorblock Michigan Pullover,"<section class=""d_wrapper"" data-mce-fragment=""1"">
<div class=""d_content"" data-mce-fragment=""1"">A fleece pullover featuring front ""Aspen Colorado"" text, long sleeves, ribbed trim, and a mock neck.</div>
<div class=""d_content"" data-mce-fragment=""1""></div>
<div class=""d_content"" data-mce-fragment=""1""></div>
</section>
<section class=""d_wrapper"" data-mce-fragment=""1"">
<p data-mce-fragment=""1""><strong>Content + Care</strong></p>
<div class=""d_content"" data-mce-fragment=""1"">
<p data-mce-fragment=""1"">- 80% cotton, 20% polyester</p>
- Machine wash cold</div>
<div class=""d_content"" data-mce-fragment=""1""></div>
<div class=""d_content"" data-mce-fragment=""1""></div>
</section>
<section class=""d_wrapper"" data-mce-fragment=""1"">
<h3 data-mce-fragment=""1""><strong>Size + Fit</strong></h3>
<div class=""d_content"" data-mce-fragment=""1"">
<p data-mce-fragment=""1"">- Model is 5'9"" and wearing a Small</p>
</div>
</section>",Tishfy2 Demo,,,tops,true,Size,S,,,,,,0.0,shopify,1000,deny,manual,10.99,,true,true,,https://cdn.shopify.com/s/files/1/0601/7361/5304/products/4_18426661-eed9-4c3b-8a8f-8ea90c9ade61.jpg?v=1638876528,1,,false,,,,,,,,,,,,,,,,,kg,,,active
colorblock-michigan-pullover,,,,,,,,,M,,,,,,0.0,shopify,1000,deny,manual,10.99,,true,true,,https://cdn.shopify.com/s/files/1/0601/7361/5304/products/3_f7a92945-71e6-48c8-9a28-d3500c81e2b0.jpg?v=1638876529,2,,,,,,,,,,,,,,,,,,,kg,,,
colorblock-michigan-pullover,,,,,,,,,L,,,,,,0.0,shopify,1000,deny,manual,10.99,,true,true,,https://cdn.shopify.com/s/files/1/0601/7361/5304/products/2_f8207888-ce32-4494-92f9-249bc26474fe.jpg?v=1638876529,3,,,,,,,,,,,,,,,,,,,kg,,,
colorblock-michigan-pullover,,,,,,,,,XL,,,,,,0.0,shopify,1000,deny,manual,10.99,,true,true,,https://cdn.shopify.com/s/files/1/0601/7361/5304/products/1_b3569bf9-d4bb-4015-aea8-6478af0370cc.jpg?v=1638876529,4,,,,,,,,,,,,,,,,,,,kg,,,
mineral-wash-french-terry-hoodie,Mineral Wash French Terry Hoodie,"<section class=""d_wrapper"" data-mce-fragment=""1"">
<div class=""d_content"" data-mce-fragment=""1"">A fleece pullover featuring front ""Aspen Colorado"" text, long sleeves, ribbed trim, and a mock neck.</div>
<div class=""d_content"" data-mce-fragment=""1""></div>
<div class=""d_content"" data-mce-fragment=""1""></div>
</section>
<section class=""d_wrapper"" data-mce-fragment=""1"">
<p data-mce-fragment=""1""><strong>Content + Care</strong></p>
<div class=""d_content"" data-mce-fragment=""1"">
<p data-mce-fragment=""1"">- 80% cotton, 20% polyester</p>
- Machine wash cold</div>
<div class=""d_content"" data-mce-fragment=""1""></div>
<div class=""d_content"" data-mce-fragment=""1""></div>
</section>
<section class=""d_wrapper"" data-mce-fragment=""1"">
<h3 data-mce-fragment=""1""><strong>Size + Fit</strong></h3>
<div class=""d_content"" data-mce-fragment=""1"">
<p data-mce-fragment=""1"">- Model is 5'9"" and wearing a Small</p>
</div>
</section>",Tishfy2 Demo,,,tops,true,Size,S,,,,,,0.0,shopify,1000,deny,manual,11.99,,true,true,,https://cdn.shopify.com/s/files/1/0601/7361/5304/products/4_7fd402ad-de2a-4f07-8004-36718fd2d29f.jpg?v=1638876412,1,,false,,,,,,,,,,,,,,,,,kg,,,active
mineral-wash-french-terry-hoodie,,,,,,,,,M,,,,,,0.0,shopify,1000,deny,manual,11.99,,true,true,,https://cdn.shopify.com/s/files/1/0601/7361/5304/products/3_fa8f9488-4f9a-42df-b7a2-7bf510e4b82c.jpg?v=1638876412,2,,,,,,,,,,,,,,,,,,,kg,,,
mineral-wash-french-terry-hoodie,,,,,,,,,L,,,,,,0.0,shopify,1000,deny,manual,11.99,,true,true,,https://cdn.shopify.com/s/files/1/0601/7361/5304/products/2_ca226414-7403-49c8-9604-53118e69763c.jpg?v=1638876412,3,,,,,,,,,,,,,,,,,,,kg,,,
mineral-wash-french-terry-hoodie,,,,,,,,,XL,,,,,,0.0,shopify,1000,deny,manual,11.99,,true,true,,https://cdn.shopify.com/s/files/1/0601/7361/5304/products/1_6f574637-2a56-4049-91ca-46c126b38771.jpg?v=1638876412,4,,,,,,,,,,,,,,,,,,,kg,,,
embroidered-boulder-pullover,Embroidered Boulder Pullover,"<section class=""d_wrapper"" data-mce-fragment=""1"">
<div class=""d_content"" data-mce-fragment=""1"">A fleece pullover featuring front ""Aspen Colorado"" text, long sleeves, ribbed trim, and a mock neck.</div>
<div class=""d_content"" data-mce-fragment=""1""></div>
<div class=""d_content"" data-mce-fragment=""1""></div>
</section>
<section class=""d_wrapper"" data-mce-fragment=""1"">
<p data-mce-fragment=""1""><strong>Content + Care</strong></p>
<div class=""d_content"" data-mce-fragment=""1"">
<p data-mce-fragment=""1"">- 80% cotton, 20% polyester</p>
- Machine wash cold</div>
<div class=""d_content"" data-mce-fragment=""1""></div>
<div class=""d_content"" data-mce-fragment=""1""></div>
</section>
<section class=""d_wrapper"" data-mce-fragment=""1"">
<h3 data-mce-fragment=""1""><strong>Size + Fit</strong></h3>
<div class=""d_content"" data-mce-fragment=""1"">
<p data-mce-fragment=""1"">- Model is 5'9"" and wearing a Small</p>
</div>
</section>",Tishfy2 Demo,,,tops,true,Size,S,,,,,,0.0,shopify,1000,deny,manual,12.99,,true,true,,https://cdn.shopify.com/s/files/1/0601/7361/5304/products/4_5788b277-265f-4c3e-86f4-f5edc00b9582.jpg?v=1638876261,1,,false,,,,,,,,,,,,,,,,,kg,,,active
embroidered-boulder-pullover,,,,,,,,,M,,,,,,0.0,shopify,1000,deny,manual,12.99,,true,true,,https://cdn.shopify.com/s/files/1/0601/7361/5304/products/3_52116f37-08db-4802-aeb3-f8a825452c26.jpg?v=1638876261,2,,,,,,,,,,,,,,,,,,,kg,,,
embroidered-boulder-pullover,,,,,,,,,L,,,,,,0.0,shopify,1000,deny,manual,12.99,,true,true,,https://cdn.shopify.com/s/files/1/0601/7361/5304/products/2_fa1d2477-bded-44bd-bf06-86a191662705.jpg?v=1638876261,3,,,,,,,,,,,,,,,,,,,kg,,,
embroidered-boulder-pullover,,,,,,,,,XL,,,,,,0.0,shopify,1000,deny,manual,12.99,,true,true,,https://cdn.shopify.com/s/files/1/0601/7361/5304/products/1_e6fa9281-d6fd-45ce-825c-25db35952388.jpg?v=1638876261,4,,,,,,,,,,,,,,,,,,,kg,,,
ribbed-lace-up-crop-top,Ribbed Lace-Up Crop Top,"<section class=""d_wrapper"" data-mce-fragment=""1"">
<div class=""d_content"" data-mce-fragment=""1"">A fleece pullover featuring front ""Aspen Colorado"" text, long sleeves, ribbed trim, and a mock neck.</div>
<div class=""d_content"" data-mce-fragment=""1""></div>
<div class=""d_content"" data-mce-fragment=""1""></div>
</section>
<section class=""d_wrapper"" data-mce-fragment=""1"">
<p data-mce-fragment=""1""><strong>Content + Care</strong></p>
<div class=""d_content"" data-mce-fragment=""1"">
<p data-mce-fragment=""1"">- 80% cotton, 20% polyester</p>
- Machine wash cold</div>
<div class=""d_content"" data-mce-fragment=""1""></div>
<div class=""d_content"" data-mce-fragment=""1""></div>
</section>
<section class=""d_wrapper"" data-mce-fragment=""1"">
<h3 data-mce-fragment=""1""><strong>Size + Fit</strong></h3>
<div class=""d_content"" data-mce-fragment=""1"">
<p data-mce-fragment=""1"">- Model is 5'9"" and wearing a Small</p>
</div>
</section>",Tishfy2 Demo,,,tops,true,Size,S,,,,,,0.0,shopify,1000,deny,manual,10.99,,true,true,,https://cdn.shopify.com/s/files/1/0601/7361/5304/products/4_75c8b7a9-b267-42a7-97d2-7c0e3308e2c8.jpg?v=1638876123,1,,false,,,,,,,,,,,,,,,,,kg,,,active
ribbed-lace-up-crop-top,,,,,,,,,M,,,,,,0.0,shopify,1000,deny,manual,10.99,,true,true,,https://cdn.shopify.com/s/files/1/0601/7361/5304/products/3_53d6cb08-1744-4565-8d9d-3491526505e4.jpg?v=1638876123,2,,,,,,,,,,,,,,,,,,,kg,,,
ribbed-lace-up-crop-top,,,,,,,,,L,,,,,,0.0,shopify,1000,deny,manual,10.99,,true,true,,https://cdn.shopify.com/s/files/1/0601/7361/5304/products/2_763d7189-10f8-4c54-a45a-96c0b1fae10a.jpg?v=1638876123,3,,,,,,,,,,,,,,,,,,,kg,,,
ribbed-lace-up-crop-top,,,,,,,,,XL,,,,,,0.0,shopify,1000,deny,manual,10.99,,true,true,,https://cdn.shopify.com/s/files/1/0601/7361/5304/products/1_1c0ca2d0-0140-488e-9572-89fbf6c59b51.jpg?v=1638876123,4,,,,,,,,,,,,,,,,,,,kg,,,
aspen-colorado-fleece-pullover,Aspen Colorado Fleece Pullover,"<section class=""d_wrapper"" data-mce-fragment=""1"">
<div class=""d_content"" data-mce-fragment=""1"">A fleece pullover featuring front ""Aspen Colorado"" text, long sleeves, ribbed trim, and a mock neck.</div>
<div class=""d_content"" data-mce-fragment=""1""></div>
</section>
<section class=""d_wrapper"" data-mce-fragment=""1"">
<p data-mce-fragment=""1""><strong>Content + Care</strong></p>
<div class=""d_content"" data-mce-fragment=""1"">
<p data-mce-fragment=""1"">- 80% cotton, 20% polyester</p>
- Machine wash cold</div>
<div class=""d_content"" data-mce-fragment=""1""></div>
</section>
<section class=""d_wrapper"" data-mce-fragment=""1"">
<h3 data-mce-fragment=""1""><strong>Size + Fit</strong></h3>
<div class=""d_content"" data-mce-fragment=""1"">
<p data-mce-fragment=""1"">- Model is 5'9"" and wearing a Small</p>
</div>
</section>",Tishfy2 Demo,,,tops,true,Size,S,,,,,"",0.0,shopify,1000,deny,manual,13.99,,true,true,"",https://cdn.shopify.com/s/files/1/0601/7361/5304/products/4_bdcab1a7-40c1-4e73-994f-cd467a8cd953.jpg?v=1638875798,1,,false,,,,,,,,,,,,,,,,,kg,,,active
aspen-colorado-fleece-pullover,,,,,,,,,M,,,,,"",0.0,shopify,1000,deny,manual,13.99,,true,true,"",https://cdn.shopify.com/s/files/1/0601/7361/5304/products/3_622e2255-a464-4d80-82ad-625201b84276.jpg?v=1638875799,2,,,,,,,,,,,,,,,,,,,kg,,,
aspen-colorado-fleece-pullover,,,,,,,,,L,,,,,"",0.0,shopify,1000,deny,manual,13.99,,true,true,"",https://cdn.shopify.com/s/files/1/0601/7361/5304/products/2_1ec051b3-15b5-4984-b450-1bf545bf9888.jpg?v=1638875799,3,,,,,,,,,,,,,,,,,,,kg,,,
aspen-colorado-fleece-pullover,,,,,,,,,XL,,,,,"",0.0,shopify,1000,deny,manual,13.99,,true,true,"",https://cdn.shopify.com/s/files/1/0601/7361/5304/products/1_c232c8a0-1d2b-4f4b-aef6-94c2e9512afc.jpg?v=1638875799,4,,,,,,,,,,,,,,,,,,,kg,,,
heathered-cutout-shirt-dress,Heathered Cutout Shirt Dress,"<section class=""d_wrapper"" data-mce-fragment=""1"">
<div class=""d_content"" data-mce-fragment=""1"">A woven calf-length dress featuring an allover floral print, sweetheart neckline, square-cut back, leg slit, long peasant sleeves, princess seams, and a back smocked panel with concealed zipper.</div>
<div class=""d_content"" data-mce-fragment=""1""></div>
<div class=""d_content"" data-mce-fragment=""1""></div>
</section>
<section class=""d_wrapper"" data-mce-fragment=""1"">
<p data-mce-fragment=""1""><strong>Content + Care</strong></p>
<div class=""d_content"" data-mce-fragment=""1"">
<p data-mce-fragment=""1"">- Shell: 98% polyester, 2% spandex</p>
<p data-mce-fragment=""1"">- Other contents: 100% polyester</p>
<p data-mce-fragment=""1"">- Hand wash cold</p>
</div>
</section>
<section class=""d_wrapper"" data-mce-fragment=""1"">
<p data-mce-fragment=""1""><strong>Size + Fit</strong></p>
<div class=""d_content"" data-mce-fragment=""1"">
<p data-mce-fragment=""1"">- Model is 5'8"" and wearing a Small</p>
</div>
</section>",Tishfy2 Demo,,,dress,true,Size,S,,,,,,0.0,shopify,0,deny,manual,13.99,,true,true,,https://cdn.shopify.com/s/files/1/0601/7361/5304/products/4_9540435c-776d-4b78-a049-142cbeb88188.jpg?v=1638837705,1,,false,,,,,,,,,,,,,,,,,kg,,,active
heathered-cutout-shirt-dress,,,,,,,,,M,,,,,,0.0,shopify,1000,deny,manual,13.99,,true,true,,https://cdn.shopify.com/s/files/1/0601/7361/5304/products/3_76bc179a-3677-4bde-a941-6b931dbe9ed8.jpg?v=1638837705,2,,,,,,,,,,,,,,,,,,,kg,,,
heathered-cutout-shirt-dress,,,,,,,,,L,,,,,,0.0,shopify,1000,deny,manual,13.99,,true,true,,https://cdn.shopify.com/s/files/1/0601/7361/5304/products/2_cc3ba159-fccc-48b8-9ce3-30c49ec9ecbc.jpg?v=1638837706,3,,,,,,,,,,,,,,,,,,,kg,,,
heathered-cutout-shirt-dress,,,,,,,,,XL,,,,,,0.0,shopify,1000,deny,manual,13.99,,true,true,,https://cdn.shopify.com/s/files/1/0601/7361/5304/products/1_45d62f22-bc7c-47b0-82d6-3c5e7253a66c.jpg?v=1638837706,4,,,,,,,,,,,,,,,,,,,kg,,,
tie-waist-slit-dress,Tie-Waist Slit Dress,"<section class=""d_wrapper"" data-mce-fragment=""1"">
<div class=""d_content"" data-mce-fragment=""1"">A woven calf-length dress featuring an allover floral print, sweetheart neckline, square-cut back, leg slit, long peasant sleeves, princess seams, and a back smocked panel with concealed zipper.</div>
<div class=""d_content"" data-mce-fragment=""1""></div>
<div class=""d_content"" data-mce-fragment=""1""></div>
</section>
<section class=""d_wrapper"" data-mce-fragment=""1"">
<p data-mce-fragment=""1""><strong>Content + Care</strong></p>
<div class=""d_content"" data-mce-fragment=""1"">
<p data-mce-fragment=""1"">- Shell: 98% polyester, 2% spandex</p>
<p data-mce-fragment=""1"">- Other contents: 100% polyester</p>
<p data-mce-fragment=""1"">- Hand wash cold</p>
</div>
</section>
<section class=""d_wrapper"" data-mce-fragment=""1"">
<p data-mce-fragment=""1""><strong>Size + Fit</strong></p>
<div class=""d_content"" data-mce-fragment=""1"">
<p data-mce-fragment=""1"">- Model is 5'8"" and wearing a Small</p>
</div>
</section>",Tishfy2 Demo,,,dress,true,Size,S,,,,,,0.0,shopify,0,deny,manual,19.99,,true,true,,https://cdn.shopify.com/s/files/1/0601/7361/5304/products/4_1427e526-ccd3-42d8-b7a3-dcbbb51f9856.jpg?v=1638837576,1,,false,,,,,,,,,,,,,,,,,kg,,,active
tie-waist-slit-dress,,,,,,,,,M,,,,,,0.0,shopify,1000,deny,manual,19.99,,true,true,,https://cdn.shopify.com/s/files/1/0601/7361/5304/products/3_3d455788-6313-4d73-a611-b9f43782eace.jpg?v=1638837576,2,,,,,,,,,,,,,,,,,,,kg,,,
tie-waist-slit-dress,,,,,,,,,L,,,,,,0.0,shopify,1000,deny,manual,19.99,,true,true,,https://cdn.shopify.com/s/files/1/0601/7361/5304/products/2_b72f72dc-2aeb-456b-b763-8a5d81eb7cd4.jpg?v=1638837577,3,,,,,,,,,,,,,,,,,,,kg,,,
tie-waist-slit-dress,,,,,,,,,XL,,,,,,0.0,shopify,1000,deny,manual,19.99,,true,true,,https://cdn.shopify.com/s/files/1/0601/7361/5304/products/1_119e8e59-62c7-4d93-b352-092c22a74bcb.jpg?v=1638837577,4,,,,,,,,,,,,,,,,,,,kg,,,
ruched-drawstring-mini-dress,Ruched Drawstring Mini Dress,"<section class=""d_wrapper"" data-mce-fragment=""1"">
<div class=""d_content"" data-mce-fragment=""1"">A woven calf-length dress featuring an allover floral print, sweetheart neckline, square-cut back, leg slit, long peasant sleeves, princess seams, and a back smocked panel with concealed zipper.</div>
<div class=""d_content"" data-mce-fragment=""1""></div>
</section>
<section class=""d_wrapper"" data-mce-fragment=""1"">
<p data-mce-fragment=""1""><strong>Content + Care</strong></p>
<div class=""d_content"" data-mce-fragment=""1"">
<p data-mce-fragment=""1"">- Shell: 98% polyester, 2% spandex</p>
<p data-mce-fragment=""1"">- Other contents: 100% polyester</p>
<p data-mce-fragment=""1"">- Hand wash cold</p>
</div>
</section>
<section class=""d_wrapper"" data-mce-fragment=""1"">
<p data-mce-fragment=""1""><strong>Size + Fit</strong></p>
<div class=""d_content"" data-mce-fragment=""1"">
<p data-mce-fragment=""1"">- Model is 5'8"" and wearing a Small</p>
</div>
</section>",Tishfy2 Demo,,,dress,true,Size,S,,,,,,0.0,shopify,1000,deny,manual,24.00,,true,true,,https://cdn.shopify.com/s/files/1/0601/7361/5304/products/4_d00f8248-b9a5-4abd-83f9-eb3b8be2534b.jpg?v=1638837468,1,,false,,,,,,,,,,,,,,,,,kg,,,active
ruched-drawstring-mini-dress,,,,,,,,,M,,,,,,0.0,shopify,1000,deny,manual,24.00,,true,true,,https://cdn.shopify.com/s/files/1/0601/7361/5304/products/3_e1976bd1-a745-492a-91eb-9e4d27a229d7.jpg?v=1638837468,2,,,,,,,,,,,,,,,,,,,kg,,,
ruched-drawstring-mini-dress,,,,,,,,,L,,,,,,0.0,shopify,1000,deny,manual,24.00,,true,true,,https://cdn.shopify.com/s/files/1/0601/7361/5304/products/2_9f591622-e49a-406b-8c4d-7e91208527d8.jpg?v=1638837468,3,,,,,,,,,,,,,,,,,,,kg,,,
ruched-drawstring-mini-dress,,,,,,,,,XL,,,,,,0.0,shopify,1000,deny,manual,24.00,,true,true,,https://cdn.shopify.com/s/files/1/0601/7361/5304/products/1_880e87c1-ca89-41fc-981b-5ef7e3fc9690.jpg?v=1638837468,4,,,,,,,,,,,,,,,,,,,kg,,,
floral-print-mini-dress,Floral Print Mini Dress,"<section class=""d_wrapper"" data-mce-fragment=""1"">
<div class=""d_content"" data-mce-fragment=""1"">A woven mini dress featuring an allover floral print, long peasant sleeves, lettuce-edge trim, and a smocked skirt.</div>
<div class=""d_content"" data-mce-fragment=""1""></div>
</section>
<section class=""d_wrapper"" data-mce-fragment=""1"">
<p data-mce-fragment=""1""><strong>Content + Care</strong></p>
<div class=""d_content"" data-mce-fragment=""1"">
<p data-mce-fragment=""1"">- 100% polyester</p>
<p data-mce-fragment=""1"">- Hand wash cold</p>
</div>
</section>
<section class=""d_wrapper"" data-mce-fragment=""1"">
<p data-mce-fragment=""1""><strong>Size + Fit</strong></p>
<div class=""d_content"" data-mce-fragment=""1"">
<p data-mce-fragment=""1"">- Model is 5'8"" and wearing a Small</p>
</div>
</section>",Tishfy2 Demo,,,dress,true,Size,S,,,,,"",0.0,shopify,1000,deny,manual,24.99,,true,true,"",https://cdn.shopify.com/s/files/1/0601/7361/5304/products/4_d063d6f4-7136-48ad-9f52-902a905460a6.jpg?v=1638833410,1,,false,,,,,,,,,,,,,,,,,kg,,,active
floral-print-mini-dress,,,,,,,,,M,,,,,"",0.0,shopify,1000,deny,manual,24.99,,true,true,"",https://cdn.shopify.com/s/files/1/0601/7361/5304/products/3_38172bc7-2f53-4722-833f-095e7d7e266c.jpg?v=1638833410,2,,,,,,,,,,,,,,,,,,,kg,,,
floral-print-mini-dress,,,,,,,,,L,,,,,"",0.0,shopify,1000,deny,manual,24.99,,true,true,"",https://cdn.shopify.com/s/files/1/0601/7361/5304/products/2_7a6a499c-bb37-4cc0-97e3-8b8415f5ecfb.jpg?v=1638833410,3,,,,,,,,,,,,,,,,,,,kg,,,
floral-print-mini-dress,,,,,,,,,XL,,,,,"",0.0,shopify,1000,deny,manual,24.99,,true,true,"",https://cdn.shopify.com/s/files/1/0601/7361/5304/products/1_1bdc9333-5737-4bd8-bb0b-73887dca92b2.jpg?v=1638833410,4,,,,,,,,,,,,,,,,,,,kg,,,
ribbed-trim-sweater-dress,Ribbed-Trim Sweater Dress,"<section class=""d_wrapper"" data-mce-fragment=""1"">
<div class=""d_content"" data-mce-fragment=""1"">Style Deals - A knit sweater dress featuring long sleeves, ribbed trim, a V-neckline, knee length, and front slit.</div>
<div class=""d_content"" data-mce-fragment=""1""></div>
</section>
<section class=""d_wrapper"" data-mce-fragment=""1"">
<p data-mce-fragment=""1"">Content + Care</p>
<div class=""d_content"" data-mce-fragment=""1"">
<p data-mce-fragment=""1"">- 52% rayon, 30% polyester, 18% nylon</p>
<p data-mce-fragment=""1"">- Hand wash cold</p>
</div>
</section>
<section class=""d_wrapper"" data-mce-fragment=""1"">
<p data-mce-fragment=""1""><strong>Size + Fit</strong></p>
<div class=""d_content"" data-mce-fragment=""1"">
<p data-mce-fragment=""1"">- Model is 5'8"" and wearing a Small</p>
</div>
</section>",Tishfy2 Demo,,,dress,true,Size,S,,,,,"",0.0,shopify,1000,deny,manual,17.99,,true,true,"",https://cdn.shopify.com/s/files/1/0601/7361/5304/products/4_d1a1abdd-fbc4-4df2-8696-5063d12de1ff.jpg?v=1638831244,1,,false,,,,,,,,,,,,,,,,,kg,,,active
ribbed-trim-sweater-dress,,,,,,,,,M,,,,,"",0.0,shopify,1000,deny,manual,17.99,,true,true,"",https://cdn.shopify.com/s/files/1/0601/7361/5304/products/3_e4332288-9300-4bcd-979a-475fc8588252.jpg?v=1638831244,2,,,,,,,,,,,,,,,,,,,kg,,,
ribbed-trim-sweater-dress,,,,,,,,,L,,,,,"",0.0,shopify,1000,deny,manual,17.99,,true,true,"",https://cdn.shopify.com/s/files/1/0601/7361/5304/products/2_754cf61b-f9da-441e-b9bc-36ae4056db42.jpg?v=1638831245,3,,,,,,,,,,,,,,,,,,,kg,,,
ribbed-trim-sweater-dress,,,,,,,,,XL,,,,,"",0.0,shopify,1000,deny,manual,17.99,,true,true,"",https://cdn.shopify.com/s/files/1/0601/7361/5304/products/1_eba7c08d-f8c7-4926-bb8d-98eb5aacc62a.jpg?v=1638831245,4,,,,,,,,,,,,,,,,,,,kg,,,
metallic-sequin-mini-dress,Metallic Sequin Mini Dress,"<section class=""d_wrapper"" data-mce-fragment=""1"">
<div class=""d_content"" data-mce-fragment=""1"">A knit dress featuring a mini length, allover metallic sequins, long peasant sleeves, self-tie waist sash, and back keyhole with a button-loop back closure.</div>
<div class=""d_content"" data-mce-fragment=""1""></div>
</section>
<section class=""d_wrapper"" data-mce-fragment=""1"">
<p data-mce-fragment=""1""><strong>Content + Care</strong></p>
<div class=""d_content"" data-mce-fragment=""1"">
<p data-mce-fragment=""1"">- Shell: 95% polyester, 5% spandex</p>
<p data-mce-fragment=""1"">- Lining: 100% polyester</p>
<p data-mce-fragment=""1"">- Hand wash cold</p>
</div>
</section>
<section class=""d_wrapper"" data-mce-fragment=""1"">
<p data-mce-fragment=""1""><strong>Size + Fit</strong></p>
<div class=""d_content"" data-mce-fragment=""1"">
<p data-mce-fragment=""1"">- Model is 5'8"" and wearing a Small</p>
</div>
</section>",Tishfy2 Demo,,,dress,true,Size,S,,,,,"",0.0,shopify,1000,deny,manual,24.99,,true,true,"",https://cdn.shopify.com/s/files/1/0601/7361/5304/products/5.jpg?v=1638830922,1,,false,,,,,,,,,,,,,,,,,kg,,,active
metallic-sequin-mini-dress,,,,,,,,,M,,,,,"",0.0,shopify,1000,deny,manual,24.99,,true,true,"",https://cdn.shopify.com/s/files/1/0601/7361/5304/products/4_9c258119-7cca-409b-9ba1-8a0532d34ce4.jpg?v=1638830922,2,,,,,,,,,,,,,,,,,,,kg,,,
metallic-sequin-mini-dress,,,,,,,,,L,,,,,"",0.0,shopify,1000,deny,manual,24.99,,true,true,"",https://cdn.shopify.com/s/files/1/0601/7361/5304/products/3_64831a48-e664-4ba0-9df9-34978755a2c2.jpg?v=1638830922,3,,,,,,,,,,,,,,,,,,,kg,,,
metallic-sequin-mini-dress,,,,,,,,,XL,,,,,"",0.0,shopify,1000,deny,manual,24.99,,true,true,"",https://cdn.shopify.com/s/files/1/0601/7361/5304/products/2_f2dfc11b-8a3b-467d-b46b-122276e6ed2e.jpg?v=1638830922,4,,,,,,,,,,,,,,,,,,,kg,,,
metallic-sequin-mini-dress,,,,,,,,,,,,,,,,,,,,,,,,,https://cdn.shopify.com/s/files/1/0601/7361/5304/products/1_c5a0223f-abb4-448c-89c5-54339a0baf68.jpg?v=1638830922,5,,,,,,,,,,,,,,,,,,,,,,
floral-print-calf-length-dress,Floral Print Calf-Length Dress,"<section class=""d_wrapper"" data-mce-fragment=""1"">
<div class=""d_content"" data-mce-fragment=""1"">A woven calf-length dress featuring an allover floral print, sweetheart neckline, square-cut back, leg slit, long peasant sleeves, princess seams, and a back smocked panel with concealed zipper.</div>
<div class=""d_content"" data-mce-fragment=""1""></div>
</section>
<section class=""d_wrapper"" data-mce-fragment=""1"">
<p data-mce-fragment=""1""><strong>Content + Care</strong></p>
<div class=""d_content"" data-mce-fragment=""1"">
<p data-mce-fragment=""1"">- Shell: 98% polyester, 2% spandex</p>
<p data-mce-fragment=""1"">- Other contents: 100% polyester</p>
<p data-mce-fragment=""1"">- Hand wash cold</p>
</div>
</section>
<section class=""d_wrapper"" data-mce-fragment=""1"">
<p data-mce-fragment=""1""><strong>Size + Fit</strong></p>
<div class=""d_content"" data-mce-fragment=""1"">
<p data-mce-fragment=""1"">- Model is 5'8"" and wearing a Small</p>
</div>
</section>",Tishfy2 Demo,,,dress,true,Size,S,,,,,"",0.0,shopify,1000,deny,manual,17.99,,true,true,"",https://cdn.shopify.com/s/files/1/0601/7361/5304/products/3_45115758-f732-4d59-baac-946f4d5e6c49.jpg?v=1638830690,1,,false,,,,,,,,,,,,,,,,,kg,,,active
floral-print-calf-length-dress,,,,,,,,,M,,,,,"",0.0,shopify,1000,deny,manual,17.99,,true,true,"",https://cdn.shopify.com/s/files/1/0601/7361/5304/products/2_c5d7c5f6-2e7a-4426-9303-cccde3f1693a.jpg?v=1638830690,2,,,,,,,,,,,,,,,,,,,kg,,,
floral-print-calf-length-dress,,,,,,,,,L,,,,,"",0.0,shopify,1000,deny,manual,17.99,,true,true,"",https://cdn.shopify.com/s/files/1/0601/7361/5304/products/1_07b3f0f3-ef5e-4c5a-bfff-cec2f98fdc2d.jpg?v=1638830690,3,,,,,,,,,,,,,,,,,,,kg,,,
floral-print-calf-length-dress,,,,,,,,,XL,,,,,"",0.0,shopify,1000,deny,manual,17.99,,true,true,"",,,,,,,,,,,,,,,,,,,,,kg,,,
speckled-print-chiffon-mini-dress,Speckled Print Chiffon Mini Dress,"<p>A chiffon mini dress featuring an allover speckled print, round neckline, semi-sheer 3/4 peasant sleeves, shirred bodice, concealed back zip, back self-tie accent, and a tiered flounce hem.</p>
<section class=""d_wrapper"">
<p><strong>Content + Care</strong></p>
<div class=""d_content"">
<p>- Shell &amp; Lining: 100% polyester</p>
<p>- Hand wash cold</p>
</div>
</section>
<section class=""d_wrapper"">
<p><strong>Size + Fit</strong></p>
<div class=""d_content"">
<p>- Model is 5'8"" and wearing a Small</p>
</div>
</section>",Tishfy2 Demo,,,dress,true,Size,S,,,,,dress1,0.0,shopify,1000,deny,manual,29.99,,true,true,"",https://cdn.shopify.com/s/files/1/0601/7361/5304/products/4.jpg?v=1638630638,1,,false,,,,,,,,,,,,,,,,,kg,,29.99,active
speckled-print-chiffon-mini-dress,,,,,,,,,M,,,,,dress2,0.0,shopify,1000,deny,manual,29.99,,true,true,"",https://cdn.shopify.com/s/files/1/0601/7361/5304/products/3.jpg?v=1638630638,2,,,,,,,,,,,,,,,,,,,kg,,29.99,
speckled-print-chiffon-mini-dress,,,,,,,,,L,,,,,dress3,0.0,shopify,1000,deny,manual,29.99,,true,true,"",https://cdn.shopify.com/s/files/1/0601/7361/5304/products/2.jpg?v=1638630638,3,,,,,,,,,,,,,,,,,,,kg,,29.99,
speckled-print-chiffon-mini-dress,,,,,,,,,XL,,,,,dress4,0.0,shopify,0,deny,manual,29.99,,true,true,"",https://cdn.shopify.com/s/files/1/0601/7361/5304/products/1.jpg?v=1638630638,4,,,,,,,,,,,,,,,,,,,kg,,29.99,
